z_seed,hp_seed,pre_mle_cost,post_mle_cost,train_nrmse,test_nrmse,train_nlpd,test_nlpd,iters,best_iter,opt_time,result_file
1,1,0.031137317,0.019445345,5.276472121,5.088208988,-1.197170377,-1.234439254,1050,1050,25.43607,C:\Users\abhig\CODEBOX\KoopmanGPO\Figures\SeedSensitivity\Cart_data_20260601\seed_z-1_seed_hp-1.json
1,10,0.139771298,0.014677484,3.91516611,3.277290612,-2.544501543,-2.772756577,4900,4900,40.9660789,C:\Users\abhig\CODEBOX\KoopmanGPO\Figures\SeedSensitivity\Cart_data_20260601\seed_z-1_seed_hp-10.json
1,46,0.065699048,0.020564796,3.55617255,3.795315698,-1.038447618,-1.354104161,1050,1050,26.1896523,C:\Users\abhig\CODEBOX\KoopmanGPO\Figures\SeedSensitivity\Cart_data_20260601\seed_z-1_seed_hp-46.json
1,91,0.075717017,0.05666142,3.864850476,3.133722022,0.778609693,0.722547889,1550,1550,28.9771204,C:\Users\abhig\CODEBOX\KoopmanGPO\Figures\SeedSensitivity\Cart_data_20260601\seed_z-1_seed_hp-91.json
1,137,0.107428037,0.025469346,6.390803307,6.628382951,0.825482786,0.754175186,1800,1800,29.2842205,C:\Users\abhig\CODEBOX\KoopmanGPO\Figures\SeedSensitivity\Cart_data_20260601\seed_z-1_seed_hp-137.json
1,182,0.929325461,0.017960818,6.305995584,5.49457185,-0.555800438,-0.535575032,2800,2800,32.1205996,C:\Users\abhig\CODEBOX\KoopmanGPO\Figures\SeedSensitivity\Cart_data_20260601\seed_z-1_seed_hp-182.json
1,227,0.064730942,0.018560594,5.189627409,5.272092298,-1.320848942,-1.276955962,6200,6200,42.3533456,C:\Users\abhig\CODEBOX\KoopmanGPO\Figures\SeedSensitivity\Cart_data_20260601\seed_z-1_seed_hp-227.json
1,273,0.038146362,0.243782997,2.78907977,2.272737026,-3.151499748,-3.2864604,1050,1050,28.0357146,C:\Users\abhig\CODEBOX\KoopmanGPO\Figures\SeedSensitivity\Cart_data_20260601\seed_z-1_seed_hp-273.json
1,318,0.061083257,0.013732474,7.86427334,8.495626599,-0.603609085,-0.879207492,11500,11500,56.3331446,C:\Users\abhig\CODEBOX\KoopmanGPO\Figures\SeedSensitivity\Cart_data_20260601\seed_z-1_seed_hp-318.json
1,363,0.030906081,0.012019933,2.624320425,2.325207368,-3.378733873,-3.770974636,1050,1050,26.1834414,C:\Users\abhig\CODEBOX\KoopmanGPO\Figures\SeedSensitivity\Cart_data_20260601\seed_z-1_seed_hp-363.json
1,409,0.043496761,0.015221724,4.722664505,4.863581806,-0.327395648,-0.458801985,1050,1050,23.7921277,C:\Users\abhig\CODEBOX\KoopmanGPO\Figures\SeedSensitivity\Cart_data_20260601\seed_z-1_seed_hp-409.json
1,454,0.115525745,0.012196415,6.616844982,7.350701839,-2.80601716,-3.046397448,9000,9000,46.9006053,C:\Users\abhig\CODEBOX\KoopmanGPO\Figures\SeedSensitivity\Cart_data_20260601\seed_z-1_seed_hp-454.json
1,500,0.059108324,0.01411278,3.186270967,2.985846624,-0.401951313,-0.785574079,2750,2750,28.4202351,C:\Users\abhig\CODEBOX\KoopmanGPO\Figures\SeedSensitivity\Cart_data_20260601\seed_z-1_seed_hp-500.json
1,1234,0.02505593,0.026936267,5.068631098,3.997381404,2.679300547,0.81911242,1050,1050,23.6359344,C:\Users\abhig\CODEBOX\KoopmanGPO\Figures\SeedSensitivity\Cart_data_20260601\seed_z-1_seed_hp-1234.json
10,1,0.03149664,0.014213517,4.775681347,4.22536321,-2.271221638,-2.355674744,1050,1050,25.2330757,C:\Users\abhig\CODEBOX\KoopmanGPO\Figures\SeedSensitivity\Cart_data_20260601\seed_z-10_seed_hp-1.json
10,10,0.139973208,0.014225418,4.863372073,4.7129713,-1.415890217,-1.376606584,4850,4850,38.0332054,C:\Users\abhig\CODEBOX\KoopmanGPO\Figures\SeedSensitivity\Cart_data_20260601\seed_z-10_seed_hp-10.json
10,46,0.065335944,0.018789221,3.706273809,3.301730752,-1.724252462,-1.898620248,1050,1050,25.7680209,C:\Users\abhig\CODEBOX\KoopmanGPO\Figures\SeedSensitivity\Cart_data_20260601\seed_z-10_seed_hp-46.json
10,91,0.075717017,0.015443011,9.949480742,10.39904729,1.507280827,1.389498711,1550,1550,26.1853785,C:\Users\abhig\CODEBOX\KoopmanGPO\Figures\SeedSensitivity\Cart_data_20260601\seed_z-10_seed_hp-91.json
10,137,0.107597157,0.018266885,6.000366062,6.118404865,-0.848389387,-0.815605342,1750,1750,26.9894915,C:\Users\abhig\CODEBOX\KoopmanGPO\Figures\SeedSensitivity\Cart_data_20260601\seed_z-10_seed_hp-137.json
10,182,0.896846712,0.01723161,4.341780022,3.691995889,-1.227253556,-1.379506111,4000,4000,33.8725008,C:\Users\abhig\CODEBOX\KoopmanGPO\Figures\SeedSensitivity\Cart_data_20260601\seed_z-10_seed_hp-182.json
10,227,0.064462602,0.017307542,7.440399379,6.855408847,-0.999702692,-1.345465899,6300,6300,38.8972315,C:\Users\abhig\CODEBOX\KoopmanGPO\Figures\SeedSensitivity\Cart_data_20260601\seed_z-10_seed_hp-227.json
10,273,0.03852351,0.014192012,3.189206496,2.768301032,-2.377820253,-2.991597652,1050,1050,25.2534394,C:\Users\abhig\CODEBOX\KoopmanGPO\Figures\SeedSensitivity\Cart_data_20260601\seed_z-10_seed_hp-273.json
10,318,0.060699292,0.01366357,8.979961276,8.180598915,0.547405481,0.521574199,11800,11800,52.3939337,C:\Users\abhig\CODEBOX\KoopmanGPO\Figures\SeedSensitivity\Cart_data_20260601\seed_z-10_seed_hp-318.json
10,363,0.030852653,0.021244543,2.708977088,2.448487282,-2.949976206,-3.1080513,1050,1050,25.068669,C:\Users\abhig\CODEBOX\KoopmanGPO\Figures\SeedSensitivity\Cart_data_20260601\seed_z-10_seed_hp-363.json
10,409,0.044013616,0.011403855,4.217075557,4.295943305,-0.821804166,-0.966507733,1050,1050,25.350838,C:\Users\abhig\CODEBOX\KoopmanGPO\Figures\SeedSensitivity\Cart_data_20260601\seed_z-10_seed_hp-409.json
10,454,0.111915484,0.023089377,5.93168512,6.723316759,-2.005857229,-2.123946667,10150,10150,51.59489,C:\Users\abhig\CODEBOX\KoopmanGPO\Figures\SeedSensitivity\Cart_data_20260601\seed_z-10_seed_hp-454.json
10,500,0.059081499,0.018019553,2.930761129,2.712917328,2.730891228,-0.351501286,2750,2750,30.1869276,C:\Users\abhig\CODEBOX\KoopmanGPO\Figures\SeedSensitivity\Cart_data_20260601\seed_z-10_seed_hp-500.json
10,1234,0.025057754,0.030324321,5.491548032,4.569393769,-0.264689058,-0.360287905,1050,1050,24.1164901,C:\Users\abhig\CODEBOX\KoopmanGPO\Figures\SeedSensitivity\Cart_data_20260601\seed_z-10_seed_hp-1234.json
46,1,0.031300791,0.011587228,4.788237438,4.088676721,-1.41948235,-1.322098613,1050,1050,24.8330991,C:\Users\abhig\CODEBOX\KoopmanGPO\Figures\SeedSensitivity\Cart_data_20260601\seed_z-46_seed_hp-1.json
46,10,0.139825225,0.013803993,2.654310502,2.394847386,-2.838709593,-3.07081008,4850,4850,33.2789697,C:\Users\abhig\CODEBOX\KoopmanGPO\Figures\SeedSensitivity\Cart_data_20260601\seed_z-46_seed_hp-10.json
46,46,0.065407351,0.016382717,3.548048437,3.162557632,0.312446475,0.068421319,1050,1050,24.1059474,C:\Users\abhig\CODEBOX\KoopmanGPO\Figures\SeedSensitivity\Cart_data_20260601\seed_z-46_seed_hp-46.json
46,91,0.075717025,0.014252831,8.218991756,8.041714132,-0.036408238,-0.404415309,1550,1550,24.654473,C:\Users\abhig\CODEBOX\KoopmanGPO\Figures\SeedSensitivity\Cart_data_20260601\seed_z-46_seed_hp-91.json
46,137,0.107396074,0.022478407,6.858036667,7.32126832,-0.073807143,-0.342500627,1800,1800,23.1367183,C:\Users\abhig\CODEBOX\KoopmanGPO\Figures\SeedSensitivity\Cart_data_20260601\seed_z-46_seed_hp-137.json
46,182,0.965177119,0.02094613,3.316450492,2.959474549,-2.762767792,-3.507112503,1750,1750,23.008954,C:\Users\abhig\CODEBOX\KoopmanGPO\Figures\SeedSensitivity\Cart_data_20260601\seed_z-46_seed_hp-182.json
46,227,0.06491372,0.01855254,5.475683138,5.618252605,-1.056457639,-1.416146278,5850,5850,36.0172317,C:\Users\abhig\CODEBOX\KoopmanGPO\Figures\SeedSensitivity\Cart_data_20260601\seed_z-46_seed_hp-227.json
46,273,0.038372848,0.019916473,3.37722376,3.150968254,-1.962432265,-0.286564291,1050,1050,20.9330591,C:\Users\abhig\CODEBOX\KoopmanGPO\Figures\SeedSensitivity\Cart_data_20260601\seed_z-46_seed_hp-273.json
46,318,0.061774559,0.015526094,8.833447099,9.176789969,0.285394758,0.19519645,10850,10850,44.734713,C:\Users\abhig\CODEBOX\KoopmanGPO\Figures\SeedSensitivity\Cart_data_20260601\seed_z-46_seed_hp-318.json
46,363,0.030985922,0.035424024,2.845677733,2.359212376,-1.057252645,-0.715007126,1050,1050,24.3162159,C:\Users\abhig\CODEBOX\KoopmanGPO\Figures\SeedSensitivity\Cart_data_20260601\seed_z-46_seed_hp-363.json
46,409,0.043781549,0.014655497,7.318887115,7.249957323,1.100029349,0.804824233,1050,1050,24.913331,C:\Users\abhig\CODEBOX\KoopmanGPO\Figures\SeedSensitivity\Cart_data_20260601\seed_z-46_seed_hp-409.json
46,454,0.113481447,0.014862268,7.008346915,7.084099203,-1.119042635,-1.151578188,9650,9650,48.9631661,C:\Users\abhig\CODEBOX\KoopmanGPO\Figures\SeedSensitivity\Cart_data_20260601\seed_z-46_seed_hp-454.json
46,500,0.058857698,0.016305529,2.900093049,2.601726353,1.396251678,1.309438467,2900,2900,28.8846222,C:\Users\abhig\CODEBOX\KoopmanGPO\Figures\SeedSensitivity\Cart_data_20260601\seed_z-46_seed_hp-500.json
46,1234,0.025055911,0.075392,3.138805181,3.008517064,0.041518591,-0.428674161,1050,1050,23.2845845,C:\Users\abhig\CODEBOX\KoopmanGPO\Figures\SeedSensitivity\Cart_data_20260601\seed_z-46_seed_hp-1234.json
91,1,0.030930299,0.012278155,6.212173402,6.288121641,-1.11086607,-1.627082825,1050,1050,23.4907545,C:\Users\abhig\CODEBOX\KoopmanGPO\Figures\SeedSensitivity\Cart_data_20260601\seed_z-91_seed_hp-1.json
91,10,0.139631897,0.015325751,4.485865682,3.953235969,-1.271823168,-1.430869579,4900,4900,33.6647097,C:\Users\abhig\CODEBOX\KoopmanGPO\Figures\SeedSensitivity\Cart_data_20260601\seed_z-91_seed_hp-10.json
91,46,0.065330401,0.016285744,3.269327432,3.123451769,-0.755048752,-0.834429085,1050,1050,23.4685686,C:\Users\abhig\CODEBOX\KoopmanGPO\Figures\SeedSensitivity\Cart_data_20260601\seed_z-91_seed_hp-46.json
91,91,0.075717017,0.033375155,8.045077324,9.344983846,-0.002973743,-0.081521511,1550,1550,24.3935779,C:\Users\abhig\CODEBOX\KoopmanGPO\Figures\SeedSensitivity\Cart_data_20260601\seed_z-91_seed_hp-91.json
91,137,0.106291197,0.026891278,6.387195736,6.463672966,-0.171153829,-0.324024379,1900,1900,25.0990042,C:\Users\abhig\CODEBOX\KoopmanGPO\Figures\SeedSensitivity\Cart_data_20260601\seed_z-91_seed_hp-137.json
91,182,0.898159325,0.020196725,10.43814346,8.911897242,-0.146630391,-0.090214476,4000,4000,30.7366806,C:\Users\abhig\CODEBOX\KoopmanGPO\Figures\SeedSensitivity\Cart_data_20260601\seed_z-91_seed_hp-182.json
91,227,0.065607913,0.016075898,5.938670784,6.368945539,-0.451348633,-0.794028759,5800,5800,35.9751618,C:\Users\abhig\CODEBOX\KoopmanGPO\Figures\SeedSensitivity\Cart_data_20260601\seed_z-91_seed_hp-227.json
91,273,0.038101699,0.018001787,3.669614345,3.115947172,0.898444831,0.837336063,1050,1050,24.4495363,C:\Users\abhig\CODEBOX\KoopmanGPO\Figures\SeedSensitivity\Cart_data_20260601\seed_z-91_seed_hp-273.json
91,318,0.060934331,0.015769007,9.996355325,10.32809019,1.221483111,1.08129251,12450,12450,52.9290964,C:\Users\abhig\CODEBOX\KoopmanGPO\Figures\SeedSensitivity\Cart_data_20260601\seed_z-91_seed_hp-318.json
91,363,0.030935341,0.021065369,2.72645466,2.215822414,-1.906943679,-2.036081553,1050,1050,25.1561014,C:\Users\abhig\CODEBOX\KoopmanGPO\Figures\SeedSensitivity\Cart_data_20260601\seed_z-91_seed_hp-363.json
91,409,0.043077055,0.025917111,4.931951687,5.005741864,0.038162962,0.168533474,1050,1050,24.5028452,C:\Users\abhig\CODEBOX\KoopmanGPO\Figures\SeedSensitivity\Cart_data_20260601\seed_z-91_seed_hp-409.json
91,454,0.114000566,0.013581041,7.069797814,7.040712982,-2.28117013,-2.457111835,9600,9600,48.6570618,C:\Users\abhig\CODEBOX\KoopmanGPO\Figures\SeedSensitivity\Cart_data_20260601\seed_z-91_seed_hp-454.json
91,500,0.059048261,0.018210661,2.996864542,2.505419776,-0.299344331,-0.733988464,2750,2750,29.260776,C:\Users\abhig\CODEBOX\KoopmanGPO\Figures\SeedSensitivity\Cart_data_20260601\seed_z-91_seed_hp-500.json
91,1234,0.025044447,0.020058952,9.335060418,8.603429794,-0.012114453,-0.192515403,1050,1050,23.0341447,C:\Users\abhig\CODEBOX\KoopmanGPO\Figures\SeedSensitivity\Cart_data_20260601\seed_z-91_seed_hp-1234.json
137,1,0.031654391,0.034516126,7.759869099,7.23311007,-0.692597985,-0.873958468,1050,1050,24.5474293,C:\Users\abhig\CODEBOX\KoopmanGPO\Figures\SeedSensitivity\Cart_data_20260601\seed_z-137_seed_hp-1.json
137,10,0.139616325,0.017070718,7.524061948,8.419688046,-0.001767647,0.08144363,4900,4900,33.930007,C:\Users\abhig\CODEBOX\KoopmanGPO\Figures\SeedSensitivity\Cart_data_20260601\seed_z-137_seed_hp-10.json
137,46,0.06595917,0.066011004,4.443689063,3.714936227,-0.992121696,-1.158337116,1050,1050,24.1459698,C:\Users\abhig\CODEBOX\KoopmanGPO\Figures\SeedSensitivity\Cart_data_20260601\seed_z-137_seed_hp-46.json
137,91,0.075717017,0.018496921,12.9379347,13.19330335,1.56317699,1.585761786,1550,1550,23.0849322,C:\Users\abhig\CODEBOX\KoopmanGPO\Figures\SeedSensitivity\Cart_data_20260601\seed_z-137_seed_hp-91.json
137,137,0.107387647,0.02356093,6.57351166,6.989324093,0.843053222,0.664333522,1750,1750,25.9226973,C:\Users\abhig\CODEBOX\KoopmanGPO\Figures\SeedSensitivity\Cart_data_20260601\seed_z-137_seed_hp-137.json
137,182,0.92126137,0.018614886,17.52262115,15.29934555,0.921021223,0.681750536,3100,3100,29.2877472,C:\Users\abhig\CODEBOX\KoopmanGPO\Figures\SeedSensitivity\Cart_data_20260601\seed_z-137_seed_hp-182.json
137,227,0.066051312,0.022687381,13.36357594,13.61574829,0.288917422,0.215565726,5850,5850,37.2050396,C:\Users\abhig\CODEBOX\KoopmanGPO\Figures\SeedSensitivity\Cart_data_20260601\seed_z-137_seed_hp-227.json
137,273,0.038446207,0.018399956,5.541299656,4.829608649,0.810073316,0.804735184,1050,1050,23.3319598,C:\Users\abhig\CODEBOX\KoopmanGPO\Figures\SeedSensitivity\Cart_data_20260601\seed_z-137_seed_hp-273.json
137,318,0.065494739,0.015452154,10.79739183,10.64510345,2.192291737,1.625846505,10600,10600,48.9475333,C:\Users\abhig\CODEBOX\KoopmanGPO\Figures\SeedSensitivity\Cart_data_20260601\seed_z-137_seed_hp-318.json
137,363,0.030856742,0.011582905,2.572259679,2.313409559,-3.256973267,-2.810727358,1050,1050,25.1989238,C:\Users\abhig\CODEBOX\KoopmanGPO\Figures\SeedSensitivity\Cart_data_20260601\seed_z-137_seed_hp-363.json
137,409,0.044043295,0.014437786,8.295333385,9.209251404,0.082996123,0.072091758,1050,1050,24.5934905,C:\Users\abhig\CODEBOX\KoopmanGPO\Figures\SeedSensitivity\Cart_data_20260601\seed_z-137_seed_hp-409.json
137,454,0.115043603,0.011571471,7.671626657,7.472566515,-2.198154688,-2.254532337,9000,9000,47.2125277,C:\Users\abhig\CODEBOX\KoopmanGPO\Figures\SeedSensitivity\Cart_data_20260601\seed_z-137_seed_hp-454.json
137,500,0.058686435,0.016740385,3.124497272,2.945440449,-0.1854669,-1.702548623,3050,3050,29.0942188,C:\Users\abhig\CODEBOX\KoopmanGPO\Figures\SeedSensitivity\Cart_data_20260601\seed_z-137_seed_hp-500.json
137,1234,0.02506225,0.014810649,5.497423932,6.626435369,-0.213733524,-0.413802683,1050,1050,23.7154167,C:\Users\abhig\CODEBOX\KoopmanGPO\Figures\SeedSensitivity\Cart_data_20260601\seed_z-137_seed_hp-1234.json
182,1,0.032157794,0.022074552,9.505984932,8.63115415,-0.75231868,-0.698191524,1050,1050,23.3047679,C:\Users\abhig\CODEBOX\KoopmanGPO\Figures\SeedSensitivity\Cart_data_20260601\seed_z-182_seed_hp-1.json
182,10,0.140044153,0.035401646,4.155652598,3.873672336,-1.858458996,-2.23242259,4900,4900,33.6143279,C:\Users\abhig\CODEBOX\KoopmanGPO\Figures\SeedSensitivity\Cart_data_20260601\seed_z-182_seed_hp-10.json
182,46,0.066539757,0.072652996,3.272761405,2.945561334,-1.983687997,-2.579270363,1700,1700,25.2228698,C:\Users\abhig\CODEBOX\KoopmanGPO\Figures\SeedSensitivity\Cart_data_20260601\seed_z-182_seed_hp-46.json
182,91,0.075717025,0.042567421,6.597169489,5.512889102,1.426267028,1.589403391,1550,1550,24.4961461,C:\Users\abhig\CODEBOX\KoopmanGPO\Figures\SeedSensitivity\Cart_data_20260601\seed_z-182_seed_hp-91.json
182,137,0.106353834,0.013061498,6.604167074,6.543435156,-0.287589222,-0.432793677,2150,2150,25.7844072,C:\Users\abhig\CODEBOX\KoopmanGPO\Figures\SeedSensitivity\Cart_data_20260601\seed_z-182_seed_hp-137.json
182,182,0.913171172,0.015353759,4.071341455,3.957459703,-0.854045808,-1.375968933,3400,3400,29.564657,C:\Users\abhig\CODEBOX\KoopmanGPO\Figures\SeedSensitivity\Cart_data_20260601\seed_z-182_seed_hp-182.json
182,227,0.065718748,0.044940855,4.829372093,4.602552205,1.712207079,0.181797534,6150,6150,37.3571197,C:\Users\abhig\CODEBOX\KoopmanGPO\Figures\SeedSensitivity\Cart_data_20260601\seed_z-182_seed_hp-227.json
182,273,0.038813293,0.015214819,2.81428583,2.469949052,-3.190058947,-3.345897675,1050,1050,24.8118599,C:\Users\abhig\CODEBOX\KoopmanGPO\Figures\SeedSensitivity\Cart_data_20260601\seed_z-182_seed_hp-273.json
182,318,0.063467294,0.014924759,8.492831886,8.605384082,-0.352977961,-0.281473905,10850,10850,51.1282224,C:\Users\abhig\CODEBOX\KoopmanGPO\Figures\SeedSensitivity\Cart_data_20260601\seed_z-182_seed_hp-318.json
182,363,0.030898096,0.01565527,4.428263754,5.018872023,-0.422428459,-0.46759358,1050,1050,24.7432362,C:\Users\abhig\CODEBOX\KoopmanGPO\Figures\SeedSensitivity\Cart_data_20260601\seed_z-182_seed_hp-363.json
182,409,0.044513009,0.014925941,6.355528533,6.064339355,-0.223032475,-0.49335137,1050,1050,23.9339888,C:\Users\abhig\CODEBOX\KoopmanGPO\Figures\SeedSensitivity\Cart_data_20260601\seed_z-182_seed_hp-409.json
182,454,0.113432266,0.013781537,8.35192427,8.656848967,-1.572973967,-1.598553061,9850,9850,48.5055427,C:\Users\abhig\CODEBOX\KoopmanGPO\Figures\SeedSensitivity\Cart_data_20260601\seed_z-182_seed_hp-454.json
182,500,0.058839984,0.018511504,2.78275013,2.363881096,-1.48680222,-1.550699949,2900,2900,28.6752206,C:\Users\abhig\CODEBOX\KoopmanGPO\Figures\SeedSensitivity\Cart_data_20260601\seed_z-182_seed_hp-500.json
182,1234,0.02505414,0.015767027,6.113579124,7.382157445,-0.294530809,-0.388615638,1050,1050,23.943973,C:\Users\abhig\CODEBOX\KoopmanGPO\Figures\SeedSensitivity\Cart_data_20260601\seed_z-182_seed_hp-1234.json
227,1,0.031506084,0.010742754,4.310397059,3.767220303,-2.128659725,-2.326384783,1050,1050,22.5465583,C:\Users\abhig\CODEBOX\KoopmanGPO\Figures\SeedSensitivity\Cart_data_20260601\seed_z-227_seed_hp-1.json
227,10,0.140043482,0.013042632,4.894096404,4.893807322,-0.875550389,-0.739093244,4850,4850,35.1508738,C:\Users\abhig\CODEBOX\KoopmanGPO\Figures\SeedSensitivity\Cart_data_20260601\seed_z-227_seed_hp-10.json
227,46,0.065543294,0.016494969,3.275269642,2.899719775,-1.151648283,-1.363677263,1050,1050,24.1189598,C:\Users\abhig\CODEBOX\KoopmanGPO\Figures\SeedSensitivity\Cart_data_20260601\seed_z-227_seed_hp-46.json
227,91,0.075717025,0.047565807,4.903130606,4.213539511,2.001107931,1.239310503,1550,1550,24.9822555,C:\Users\abhig\CODEBOX\KoopmanGPO\Figures\SeedSensitivity\Cart_data_20260601\seed_z-227_seed_hp-91.json
227,137,0.107630387,0.015397217,4.972374439,5.845562369,-1.325853705,-1.267063856,1650,1650,24.4895574,C:\Users\abhig\CODEBOX\KoopmanGPO\Figures\SeedSensitivity\Cart_data_20260601\seed_z-227_seed_hp-137.json
227,182,0.836565375,0.017637104,4.721817002,4.424659908,-0.559982061,0.033347916,6800,6800,38.434783,C:\Users\abhig\CODEBOX\KoopmanGPO\Figures\SeedSensitivity\Cart_data_20260601\seed_z-227_seed_hp-182.json
227,227,0.06506642,0.020665726,4.858281463,5.265521258,-0.291221797,-0.738145113,5850,5850,36.1461192,C:\Users\abhig\CODEBOX\KoopmanGPO\Figures\SeedSensitivity\Cart_data_20260601\seed_z-227_seed_hp-227.json
227,273,0.038246281,0.018265434,4.265631363,4.107210413,-1.025816679,-1.016984224,1050,1050,23.4713946,C:\Users\abhig\CODEBOX\KoopmanGPO\Figures\SeedSensitivity\Cart_data_20260601\seed_z-227_seed_hp-273.json
227,318,0.060216065,0.015922293,8.926969022,8.602547646,-0.943210244,-1.13654542,11800,11800,52.1920858,C:\Users\abhig\CODEBOX\KoopmanGPO\Figures\SeedSensitivity\Cart_data_20260601\seed_z-227_seed_hp-318.json
227,363,0.030812429,0.017218957,2.715215459,2.45235227,-3.201430082,-3.280607939,1050,1050,25.5653644,C:\Users\abhig\CODEBOX\KoopmanGPO\Figures\SeedSensitivity\Cart_data_20260601\seed_z-227_seed_hp-363.json
227,409,0.043731418,0.031741042,6.32904321,7.177514583,0.158629432,-0.031305116,1050,1050,23.7999911,C:\Users\abhig\CODEBOX\KoopmanGPO\Figures\SeedSensitivity\Cart_data_20260601\seed_z-227_seed_hp-409.json
227,454,0.112674557,0.014474297,5.845228583,5.59400022,-1.843392491,-2.508631468,10250,10250,49.3157915,C:\Users\abhig\CODEBOX\KoopmanGPO\Figures\SeedSensitivity\Cart_data_20260601\seed_z-227_seed_hp-454.json
227,500,0.058696784,0.0195101,2.691512555,2.313762531,-1.29623723,-0.700692058,3050,3050,28.8850407,C:\Users\abhig\CODEBOX\KoopmanGPO\Figures\SeedSensitivity\Cart_data_20260601\seed_z-227_seed_hp-500.json
227,1234,0.025056999,0.018451618,17.63925105,16.95095152,0.403988451,0.236946583,1050,1050,23.3898787,C:\Users\abhig\CODEBOX\KoopmanGPO\Figures\SeedSensitivity\Cart_data_20260601\seed_z-227_seed_hp-1234.json
273,1,0.031256087,0.014567848,5.019495264,4.501701146,-0.660328567,-0.829806924,1050,1050,23.9606765,C:\Users\abhig\CODEBOX\KoopmanGPO\Figures\SeedSensitivity\Cart_data_20260601\seed_z-273_seed_hp-1.json
273,10,0.139432222,0.016521059,3.035432845,2.687852085,-1.483919024,-1.83333087,4900,4900,34.4807496,C:\Users\abhig\CODEBOX\KoopmanGPO\Figures\SeedSensitivity\Cart_data_20260601\seed_z-273_seed_hp-10.json
273,46,0.065215588,0.031723481,5.083795264,5.793573707,-0.561189651,-0.690477669,1050,1050,23.464024,C:\Users\abhig\CODEBOX\KoopmanGPO\Figures\SeedSensitivity\Cart_data_20260601\seed_z-273_seed_hp-46.json
273,91,0.075717025,0.052220546,4.255991802,4.61756736,0.250322938,0.070223473,1550,1550,25.2371343,C:\Users\abhig\CODEBOX\KoopmanGPO\Figures\SeedSensitivity\Cart_data_20260601\seed_z-273_seed_hp-91.json
273,137,0.107036062,0.04288375,5.388905853,5.90499565,0.252017707,0.177513361,1700,1700,24.6897094,C:\Users\abhig\CODEBOX\KoopmanGPO\Figures\SeedSensitivity\Cart_data_20260601\seed_z-273_seed_hp-137.json
273,182,0.932507634,0.017369207,5.994059891,4.931847006,0.340043664,0.022588801,2700,2700,28.2823123,C:\Users\abhig\CODEBOX\KoopmanGPO\Figures\SeedSensitivity\Cart_data_20260601\seed_z-273_seed_hp-182.json
273,227,0.064536579,0.028729299,7.967885584,8.518187702,0.19646135,0.222918943,5850,5850,36.9376492,C:\Users\abhig\CODEBOX\KoopmanGPO\Figures\SeedSensitivity\Cart_data_20260601\seed_z-273_seed_hp-227.json
273,273,0.038151745,0.016545327,3.791681305,3.032103553,-0.849307239,-1.100778103,1050,1050,23.3977049,C:\Users\abhig\CODEBOX\KoopmanGPO\Figures\SeedSensitivity\Cart_data_20260601\seed_z-273_seed_hp-273.json
273,318,0.060767904,0.014316238,7.983077317,8.226577938,-0.559717476,-0.655543447,11500,11500,51.6427421,C:\Users\abhig\CODEBOX\KoopmanGPO\Figures\SeedSensitivity\Cart_data_20260601\seed_z-273_seed_hp-318.json
273,363,0.030948069,0.011292266,2.5441356,2.306547761,-3.159834623,-3.261894703,1050,1050,26.6504314,C:\Users\abhig\CODEBOX\KoopmanGPO\Figures\SeedSensitivity\Cart_data_20260601\seed_z-273_seed_hp-363.json
273,409,0.043613739,0.015328289,8.981595933,8.860181272,0.183349386,0.067291319,1050,1050,24.6832923,C:\Users\abhig\CODEBOX\KoopmanGPO\Figures\SeedSensitivity\Cart_data_20260601\seed_z-273_seed_hp-409.json
273,454,0.115174375,0.011902725,7.559921592,7.263273001,-1.904301405,-2.032819748,9000,9000,50.0596864,C:\Users\abhig\CODEBOX\KoopmanGPO\Figures\SeedSensitivity\Cart_data_20260601\seed_z-273_seed_hp-454.json
273,500,0.058241356,0.013865465,2.71696616,2.447372302,-1.303986907,-1.534454107,3500,3500,31.0527871,C:\Users\abhig\CODEBOX\KoopmanGPO\Figures\SeedSensitivity\Cart_data_20260601\seed_z-273_seed_hp-500.json
273,1234,0.025064824,0.0231674,3.079644777,2.698203921,-1.485852122,-0.701742649,1050,1050,23.3489154,C:\Users\abhig\CODEBOX\KoopmanGPO\Figures\SeedSensitivity\Cart_data_20260601\seed_z-273_seed_hp-1234.json
318,1,0.03196808,0.012209595,4.435958713,4.204300046,-3.702345848,-3.822320223,1050,1050,24.3499532,C:\Users\abhig\CODEBOX\KoopmanGPO\Figures\SeedSensitivity\Cart_data_20260601\seed_z-318_seed_hp-1.json
318,10,0.140094772,0.015662281,2.692280523,2.45807711,-2.928832769,-3.303389311,4850,4850,33.5375307,C:\Users\abhig\CODEBOX\KoopmanGPO\Figures\SeedSensitivity\Cart_data_20260601\seed_z-318_seed_hp-10.json
318,46,0.066417255,0.016037872,3.60894464,3.162951395,-2.028579712,-2.387410402,1050,1050,26.2134533,C:\Users\abhig\CODEBOX\KoopmanGPO\Figures\SeedSensitivity\Cart_data_20260601\seed_z-318_seed_hp-46.json
318,91,0.075717025,0.036204327,6.636281312,6.140412018,3.334424734,2.929903269,1550,1550,26.0651388,C:\Users\abhig\CODEBOX\KoopmanGPO\Figures\SeedSensitivity\Cart_data_20260601\seed_z-318_seed_hp-91.json
318,137,0.107815109,0.016389163,6.710583717,6.393609196,0.161987692,0.281217724,1650,1650,25.5001255,C:\Users\abhig\CODEBOX\KoopmanGPO\Figures\SeedSensitivity\Cart_data_20260601\seed_z-318_seed_hp-137.json
318,182,0.965221524,0.024760947,5.734581873,4.690907151,-1.157513976,-1.424415588,1750,1750,25.8688137,C:\Users\abhig\CODEBOX\KoopmanGPO\Figures\SeedSensitivity\Cart_data_20260601\seed_z-318_seed_hp-182.json
318,227,0.065216601,0.015804594,4.37117666,3.654784709,0.763500214,0.61894244,6400,6400,35.4277658,C:\Users\abhig\CODEBOX\KoopmanGPO\Figures\SeedSensitivity\Cart_data_20260601\seed_z-318_seed_hp-227.json
318,273,0.038908355,0.018977638,3.404420242,3.014187142,-1.429590225,-1.704212427,1050,1050,24.6760264,C:\Users\abhig\CODEBOX\KoopmanGPO\Figures\SeedSensitivity\Cart_data_20260601\seed_z-318_seed_hp-273.json
318,318,0.061137091,0.013529053,10.19071117,10.29427275,0.348050058,0.295795381,11100,11100,53.3583537,C:\Users\abhig\CODEBOX\KoopmanGPO\Figures\SeedSensitivity\Cart_data_20260601\seed_z-318_seed_hp-318.json
318,363,0.030891484,0.01593619,2.708402835,2.35693641,-1.641171694,-1.720816374,1050,1050,25.7237675,C:\Users\abhig\CODEBOX\KoopmanGPO\Figures\SeedSensitivity\Cart_data_20260601\seed_z-318_seed_hp-363.json
318,409,0.04426707,0.031726725,4.728417844,5.155514553,-0.362310141,-0.098443404,1050,1050,24.856172,C:\Users\abhig\CODEBOX\KoopmanGPO\Figures\SeedSensitivity\Cart_data_20260601\seed_z-318_seed_hp-409.json
318,454,0.112007067,0.01744125,6.991928071,6.532868743,-1.921260715,-2.146662235,10150,10150,50.5474797,C:\Users\abhig\CODEBOX\KoopmanGPO\Figures\SeedSensitivity\Cart_data_20260601\seed_z-318_seed_hp-454.json
318,500,0.059072521,0.015927782,3.368414938,3.207207099,-0.753405511,-0.885935485,2750,2750,28.4261023,C:\Users\abhig\CODEBOX\KoopmanGPO\Figures\SeedSensitivity\Cart_data_20260601\seed_z-318_seed_hp-500.json
318,1234,0.025059629,0.093584366,5.413427204,6.079157069,-0.501970649,-0.68922466,1050,1050,24.0282224,C:\Users\abhig\CODEBOX\KoopmanGPO\Figures\SeedSensitivity\Cart_data_20260601\seed_z-318_seed_hp-1234.json
363,1,0.031162858,0.070550025,5.832879245,4.413107038,1.403823137,-0.641955316,1050,1050,24.7841245,C:\Users\abhig\CODEBOX\KoopmanGPO\Figures\SeedSensitivity\Cart_data_20260601\seed_z-363_seed_hp-1.json
363,10,0.139544383,0.015078398,3.90583463,3.697761893,-1.656549454,-1.8179245,4900,4900,33.7797699,C:\Users\abhig\CODEBOX\KoopmanGPO\Figures\SeedSensitivity\Cart_data_20260601\seed_z-363_seed_hp-10.json
363,46,0.065025292,0.034112185,4.943609238,4.591720179,-0.237752333,-0.608678758,1050,1050,21.8699589,C:\Users\abhig\CODEBOX\KoopmanGPO\Figures\SeedSensitivity\Cart_data_20260601\seed_z-363_seed_hp-46.json
363,91,0.075717025,0.015575053,3.697991371,3.782316297,-1.376292586,-1.439234495,1550,1550,25.6208107,C:\Users\abhig\CODEBOX\KoopmanGPO\Figures\SeedSensitivity\Cart_data_20260601\seed_z-363_seed_hp-91.json
363,137,0.10764581,0.019376712,6.912443042,6.207922101,-0.155873626,-0.307118773,1650,1650,24.5843442,C:\Users\abhig\CODEBOX\KoopmanGPO\Figures\SeedSensitivity\Cart_data_20260601\seed_z-363_seed_hp-137.json
363,182,0.896582961,0.017991347,7.062898576,6.126306206,0.378981084,0.691394448,4100,4100,33.8670717,C:\Users\abhig\CODEBOX\KoopmanGPO\Figures\SeedSensitivity\Cart_data_20260601\seed_z-363_seed_hp-182.json
363,227,0.065164536,0.019069538,9.83377248,8.513820171,-0.320468724,-0.351614237,5850,5850,38.3981649,C:\Users\abhig\CODEBOX\KoopmanGPO\Figures\SeedSensitivity\Cart_data_20260601\seed_z-363_seed_hp-227.json
363,273,0.038161088,0.016922582,7.327140123,6.257899106,0.99610275,0.370078802,1050,1050,25.8163069,C:\Users\abhig\CODEBOX\KoopmanGPO\Figures\SeedSensitivity\Cart_data_20260601\seed_z-363_seed_hp-273.json
363,318,0.061480377,0.014175605,9.706361592,10.11699811,-0.21218425,-0.417607069,11100,11100,53.8888989,C:\Users\abhig\CODEBOX\KoopmanGPO\Figures\SeedSensitivity\Cart_data_20260601\seed_z-363_seed_hp-318.json
363,363,0.030945206,0.011141661,2.569772117,2.197051421,-3.711111307,-4.007927895,1050,1050,28.1675235,C:\Users\abhig\CODEBOX\KoopmanGPO\Figures\SeedSensitivity\Cart_data_20260601\seed_z-363_seed_hp-363.json
363,409,0.043656159,0.021145474,4.238170758,4.05465588,-0.326674074,-0.49382773,1050,1050,24.9431873,C:\Users\abhig\CODEBOX\KoopmanGPO\Figures\SeedSensitivity\Cart_data_20260601\seed_z-363_seed_hp-409.json
363,454,0.113683209,0.011465566,6.142504513,5.857095867,-2.23586297,-2.42846632,9650,9650,54.4160685,C:\Users\abhig\CODEBOX\KoopmanGPO\Figures\SeedSensitivity\Cart_data_20260601\seed_z-363_seed_hp-454.json
363,500,0.058547869,0.015144296,2.860445529,2.658351138,-0.265447408,-0.369194448,3050,3050,30.9453356,C:\Users\abhig\CODEBOX\KoopmanGPO\Figures\SeedSensitivity\Cart_data_20260601\seed_z-363_seed_hp-500.json
363,1234,0.025057677,0.014375665,3.015754186,2.848042175,-1.693265796,-2.384999514,1050,1050,26.043842,C:\Users\abhig\CODEBOX\KoopmanGPO\Figures\SeedSensitivity\Cart_data_20260601\seed_z-363_seed_hp-1234.json
409,1,0.031285465,0.02441581,5.718488246,4.699555784,-0.079976514,3.141644001,1050,1050,24.255155,C:\Users\abhig\CODEBOX\KoopmanGPO\Figures\SeedSensitivity\Cart_data_20260601\seed_z-409_seed_hp-1.json
409,10,0.139823362,0.014038281,4.224581644,3.834810108,-1.249587655,-1.07132256,4900,4900,36.3889209,C:\Users\abhig\CODEBOX\KoopmanGPO\Figures\SeedSensitivity\Cart_data_20260601\seed_z-409_seed_hp-10.json
409,46,0.064839497,0.048218828,6.643519551,7.038303465,0.671566725,0.238599822,1050,1050,26.0279367,C:\Users\abhig\CODEBOX\KoopmanGPO\Figures\SeedSensitivity\Cart_data_20260601\seed_z-409_seed_hp-46.json
409,91,0.075717025,0.014997375,3.797916323,3.806569427,-1.588348389,-1.627695322,1550,1550,27.5221282,C:\Users\abhig\CODEBOX\KoopmanGPO\Figures\SeedSensitivity\Cart_data_20260601\seed_z-409_seed_hp-91.json
409,137,0.107022971,0.018488308,6.597813964,7.589391619,-0.580174506,-0.647702456,1900,1900,27.8769869,C:\Users\abhig\CODEBOX\KoopmanGPO\Figures\SeedSensitivity\Cart_data_20260601\seed_z-409_seed_hp-137.json
409,182,0.902256966,0.018289374,5.097295716,4.684679955,-0.637794852,-1.040385962,3800,3800,33.5418236,C:\Users\abhig\CODEBOX\KoopmanGPO\Figures\SeedSensitivity\Cart_data_20260601\seed_z-409_seed_hp-182.json
409,227,0.065154836,0.025773043,5.166933313,4.459825903,-0.139127284,-0.167271584,6150,6150,40.5812472,C:\Users\abhig\CODEBOX\KoopmanGPO\Figures\SeedSensitivity\Cart_data_20260601\seed_z-409_seed_hp-227.json
409,273,0.038423344,0.372781754,2.751791663,2.630240284,-0.662402689,-0.821099401,1050,1050,25.5653501,C:\Users\abhig\CODEBOX\KoopmanGPO\Figures\SeedSensitivity\Cart_data_20260601\seed_z-409_seed_hp-273.json
409,318,0.061765116,0.016543875,9.310296178,10.29295102,0.722790897,0.471993625,12450,12450,57.758208,C:\Users\abhig\CODEBOX\KoopmanGPO\Figures\SeedSensitivity\Cart_data_20260601\seed_z-409_seed_hp-318.json
409,363,0.030879183,0.013052791,5.343949795,5.301687866,-1.560246825,-1.75480783,1050,1050,28.4553027,C:\Users\abhig\CODEBOX\KoopmanGPO\Figures\SeedSensitivity\Cart_data_20260601\seed_z-409_seed_hp-363.json
409,409,0.043760665,0.026013117,7.020822912,8.518428355,2.100099564,2.525655746,1050,1050,25.2749715,C:\Users\abhig\CODEBOX\KoopmanGPO\Figures\SeedSensitivity\Cart_data_20260601\seed_z-409_seed_hp-409.json
409,454,0.116980411,0.011749008,6.59237355,6.555457413,-1.859181881,-2.054020643,8650,8650,50.7233331,C:\Users\abhig\CODEBOX\KoopmanGPO\Figures\SeedSensitivity\Cart_data_20260601\seed_z-409_seed_hp-454.json
409,500,0.058077484,0.014439255,2.889174595,2.665762603,-1.650858045,-1.411898017,3500,3500,32.6542519,C:\Users\abhig\CODEBOX\KoopmanGPO\Figures\SeedSensitivity\Cart_data_20260601\seed_z-409_seed_hp-500.json
409,1234,0.025064947,0.02532048,8.089099079,7.690415531,1.738929033,1.375286102,1050,1050,25.5503461,C:\Users\abhig\CODEBOX\KoopmanGPO\Figures\SeedSensitivity\Cart_data_20260601\seed_z-409_seed_hp-1234.json
454,1,0.031974699,0.021490483,6.376126409,5.833544582,-0.454308838,-0.83293283,1050,1050,25.3834651,C:\Users\abhig\CODEBOX\KoopmanGPO\Figures\SeedSensitivity\Cart_data_20260601\seed_z-454_seed_hp-1.json
454,10,0.140223995,0.014224034,4.574592039,4.403792322,-0.263421446,-0.185062453,4750,4750,36.5372841,C:\Users\abhig\CODEBOX\KoopmanGPO\Figures\SeedSensitivity\Cart_data_20260601\seed_z-454_seed_hp-10.json
454,46,0.065499321,0.015899511,3.271764144,3.05440221,-1.825461626,-1.291052103,1050,1050,25.1569123,C:\Users\abhig\CODEBOX\KoopmanGPO\Figures\SeedSensitivity\Cart_data_20260601\seed_z-454_seed_hp-46.json
454,91,0.075717025,0.016802378,9.03544277,9.003876895,0.639721811,0.84167707,1550,1550,27.0526421,C:\Users\abhig\CODEBOX\KoopmanGPO\Figures\SeedSensitivity\Cart_data_20260601\seed_z-454_seed_hp-91.json
454,137,0.107864268,0.029841471,6.760796905,7.265028358,1.684946418,1.669085503,1650,1650,26.7412973,C:\Users\abhig\CODEBOX\KoopmanGPO\Figures\SeedSensitivity\Cart_data_20260601\seed_z-454_seed_hp-137.json
454,182,0.895695865,0.020083001,4.416064173,3.743192926,-1.051453829,-1.227851033,4100,4100,34.6150833,C:\Users\abhig\CODEBOX\KoopmanGPO\Figures\SeedSensitivity\Cart_data_20260601\seed_z-454_seed_hp-182.json
454,227,0.065979764,0.041435141,5.287674814,4.983260483,-0.113092698,-0.533334196,5200,5200,38.5179781,C:\Users\abhig\CODEBOX\KoopmanGPO\Figures\SeedSensitivity\Cart_data_20260601\seed_z-454_seed_hp-227.json
454,273,0.038432483,0.020338615,3.488563374,2.990790829,-1.897690177,-1.932887435,1050,1050,25.5083114,C:\Users\abhig\CODEBOX\KoopmanGPO\Figures\SeedSensitivity\Cart_data_20260601\seed_z-454_seed_hp-273.json
454,318,0.061773069,0.015478859,8.418152481,8.149933815,-0.732789755,-1.002857924,12000,12000,57.4634915,C:\Users\abhig\CODEBOX\KoopmanGPO\Figures\SeedSensitivity\Cart_data_20260601\seed_z-454_seed_hp-318.json
454,363,0.030730093,0.013968563,2.721136808,2.239244804,-1.816136718,-2.049737692,1050,1050,27.5979707,C:\Users\abhig\CODEBOX\KoopmanGPO\Figures\SeedSensitivity\Cart_data_20260601\seed_z-454_seed_hp-363.json
454,409,0.044272259,0.014136245,7.831993699,8.008220047,0.544104338,0.296230972,1050,1050,25.1725753,C:\Users\abhig\CODEBOX\KoopmanGPO\Figures\SeedSensitivity\Cart_data_20260601\seed_z-454_seed_hp-409.json
454,454,0.114600509,0.026160635,7.333829999,7.102718949,-2.19994998,-2.320922613,9450,9450,53.3361663,C:\Users\abhig\CODEBOX\KoopmanGPO\Figures\SeedSensitivity\Cart_data_20260601\seed_z-454_seed_hp-454.json
454,500,0.05905975,0.016687315,2.777531557,2.20301263,-1.59654367,-1.855461359,2750,2750,30.5426928,C:\Users\abhig\CODEBOX\KoopmanGPO\Figures\SeedSensitivity\Cart_data_20260601\seed_z-454_seed_hp-500.json
454,1234,0.025054881,0.014336844,4.850760475,4.043756053,-1.5675143,-1.564305425,1050,1050,25.5572647,C:\Users\abhig\CODEBOX\KoopmanGPO\Figures\SeedSensitivity\Cart_data_20260601\seed_z-454_seed_hp-1234.json
500,1,0.030941939,0.012339621,5.082176998,4.740808159,-1.720024586,-1.649859071,1050,1050,25.3120553,C:\Users\abhig\CODEBOX\KoopmanGPO\Figures\SeedSensitivity\Cart_data_20260601\seed_z-500_seed_hp-1.json
500,10,0.139731258,0.013421273,4.14230749,3.200980276,-1.43606317,-1.690945268,4900,4900,36.9273209,C:\Users\abhig\CODEBOX\KoopmanGPO\Figures\SeedSensitivity\Cart_data_20260601\seed_z-500_seed_hp-10.json
500,46,0.064919606,0.014967921,3.812162951,3.873232752,-0.958625615,-1.372462988,1050,1050,25.6447227,C:\Users\abhig\CODEBOX\KoopmanGPO\Figures\SeedSensitivity\Cart_data_20260601\seed_z-500_seed_hp-46.json
500,91,0.075717017,0.193354249,4.542075098,4.830089957,-0.174905047,-0.57699877,1550,1550,27.1356712,C:\Users\abhig\CODEBOX\KoopmanGPO\Figures\SeedSensitivity\Cart_data_20260601\seed_z-500_seed_hp-91.json
500,137,0.107679233,0.014704088,5.710193887,5.976766348,-0.767260373,-0.764055729,1650,1650,33.6607936,C:\Users\abhig\CODEBOX\KoopmanGPO\Figures\SeedSensitivity\Cart_data_20260601\seed_z-500_seed_hp-137.json
500,182,0.93170476,0.021635059,8.201015741,8.136066794,0.504599392,0.437809706,2700,2700,38.231377,C:\Users\abhig\CODEBOX\KoopmanGPO\Figures\SeedSensitivity\Cart_data_20260601\seed_z-500_seed_hp-182.json
500,227,0.064563066,0.019247938,4.364361241,3.942631185,-1.40894568,-1.414514184,6000,6000,52.8450273,C:\Users\abhig\CODEBOX\KoopmanGPO\Figures\SeedSensitivity\Cart_data_20260601\seed_z-500_seed_hp-227.json
500,273,0.037962761,0.015399348,3.605589643,2.918592468,-1.434413433,-2.541951895,1050,1050,33.3235563,C:\Users\abhig\CODEBOX\KoopmanGPO\Figures\SeedSensitivity\Cart_data_20260601\seed_z-500_seed_hp-273.json
500,318,0.064342901,0.019459426,7.966618985,7.588981092,-0.10485132,-0.371712446,11250,11250,53.7729407,C:\Users\abhig\CODEBOX\KoopmanGPO\Figures\SeedSensitivity\Cart_data_20260601\seed_z-500_seed_hp-318.json
500,363,0.030941412,0.01313952,3.080973588,2.546748146,-2.103439569,-2.291572094,1050,1050,25.1154695,C:\Users\abhig\CODEBOX\KoopmanGPO\Figures\SeedSensitivity\Cart_data_20260601\seed_z-500_seed_hp-363.json
500,409,0.043568186,0.013402327,8.32547769,10.12832299,1.986768246,1.228664279,1050,1050,24.7403176,C:\Users\abhig\CODEBOX\KoopmanGPO\Figures\SeedSensitivity\Cart_data_20260601\seed_z-500_seed_hp-409.json
500,454,0.114929594,0.011639712,5.383390188,5.369522423,-1.537680507,-1.785457611,9000,9000,47.4991727,C:\Users\abhig\CODEBOX\KoopmanGPO\Figures\SeedSensitivity\Cart_data_20260601\seed_z-500_seed_hp-454.json
500,500,0.059075538,0.015407246,3.359659389,3.158267215,-1.36615324,-1.389072299,2750,2750,28.7262361,C:\Users\abhig\CODEBOX\KoopmanGPO\Figures\SeedSensitivity\Cart_data_20260601\seed_z-500_seed_hp-500.json
500,1234,0.025055576,0.46879217,3.342504054,3.123887256,-1.582164526,-1.02240181,1050,1050,23.511945,C:\Users\abhig\CODEBOX\KoopmanGPO\Figures\SeedSensitivity\Cart_data_20260601\seed_z-500_seed_hp-1234.json
1234,1,0.030781694,0.014462901,10.13258994,10.50718799,-0.920281053,-0.433628857,1050,1050,24.6183987,C:\Users\abhig\CODEBOX\KoopmanGPO\Figures\SeedSensitivity\Cart_data_20260601\seed_z-1234_seed_hp-1.json
1234,10,0.139681384,0.019185169,3.521805257,3.163246438,-1.233872175,-1.779590607,4900,4900,35.5945187,C:\Users\abhig\CODEBOX\KoopmanGPO\Figures\SeedSensitivity\Cart_data_20260601\seed_z-1234_seed_hp-10.json
1234,46,0.065164179,0.01968215,3.514972702,3.345253319,-2.490334272,-2.756151915,1050,1050,24.1251423,C:\Users\abhig\CODEBOX\KoopmanGPO\Figures\SeedSensitivity\Cart_data_20260601\seed_z-1234_seed_hp-46.json
1234,91,0.075717017,0.013445099,9.831979126,11.36094779,0.820465684,0.780546725,1550,1550,22.6299035,C:\Users\abhig\CODEBOX\KoopmanGPO\Figures\SeedSensitivity\Cart_data_20260601\seed_z-1234_seed_hp-91.json
1234,137,0.107265279,0.016509645,5.310580879,6.209273264,0.017588727,-0.253621906,1750,1750,25.6629473,C:\Users\abhig\CODEBOX\KoopmanGPO\Figures\SeedSensitivity\Cart_data_20260601\seed_z-1234_seed_hp-137.json
1234,182,0.906363785,0.016398581,12.78636605,11.6200313,0.017593948,-0.270260423,3700,3700,31.46393,C:\Users\abhig\CODEBOX\KoopmanGPO\Figures\SeedSensitivity\Cart_data_20260601\seed_z-1234_seed_hp-182.json
1234,227,0.06535659,0.020657675,4.36848551,3.821349889,-0.761487722,-0.972207427,5850,5850,36.4954786,C:\Users\abhig\CODEBOX\KoopmanGPO\Figures\SeedSensitivity\Cart_data_20260601\seed_z-1234_seed_hp-227.json
1234,273,0.037894811,0.018227635,3.270178288,2.759674191,-2.60479641,-2.632171869,1050,1050,24.2475871,C:\Users\abhig\CODEBOX\KoopmanGPO\Figures\SeedSensitivity\Cart_data_20260601\seed_z-1234_seed_hp-273.json
1234,318,0.062679097,0.014197381,8.213307709,7.954786718,-1.070281267,-1.327289224,10600,10600,50.8436373,C:\Users\abhig\CODEBOX\KoopmanGPO\Figures\SeedSensitivity\Cart_data_20260601\seed_z-1234_seed_hp-318.json
1234,363,0.030860117,0.016164644,2.696963772,2.251568437,-2.217896938,-2.512359142,1050,1050,25.4940631,C:\Users\abhig\CODEBOX\KoopmanGPO\Figures\SeedSensitivity\Cart_data_20260601\seed_z-1234_seed_hp-363.json
1234,409,0.043158025,0.171940282,8.401465416,9.355098754,0.66775012,0.872555614,1050,1050,24.5625349,C:\Users\abhig\CODEBOX\KoopmanGPO\Figures\SeedSensitivity\Cart_data_20260601\seed_z-1234_seed_hp-409.json
1234,454,0.114164278,0.013533377,6.766815484,7.030037791,-1.980619311,-2.056415319,9350,9350,49.4270143,C:\Users\abhig\CODEBOX\KoopmanGPO\Figures\SeedSensitivity\Cart_data_20260601\seed_z-1234_seed_hp-454.json
1234,500,0.059122879,0.019913545,3.215414286,2.936145663,-0.772634447,-0.790756106,2750,2750,28.9001522,C:\Users\abhig\CODEBOX\KoopmanGPO\Figures\SeedSensitivity\Cart_data_20260601\seed_z-1234_seed_hp-500.json
1234,1234,0.025036171,0.020306962,3.508156165,3.180706501,-0.532614589,-1.157741427,1050,1050,23.8391299,C:\Users\abhig\CODEBOX\KoopmanGPO\Figures\SeedSensitivity\Cart_data_20260601\seed_z-1234_seed_hp-1234.json
